City,Cloudiness,Country,Date,Max Temp,Wind Speed,Lat,Lng,Humidity
Sakakah,0,SA,1583127918,46.4,5.82,29.97,40.21,70
Matata,100,NZ,1583127918,70,5.23,-37.88,176.75,72
Lima,75,PE,1583127813,75.2,9.17,-12.04,-77.03,78
The Valley,20,AI,1583127918,75.99,3.36,18.22,-63.06,78
Humaitá,100,BR,1583127918,73.29,0.78,-7.51,-63.02,98
Davila,40,PH,1583127919,86,16.11,18.47,120.58,66
Tual,57,ID,1583127919,84.85,3.27,-5.67,132.75,71
Maţāy,0,EG,1583127919,54.82,8.1,28.42,30.78,64
Qaanaaq,0,GL,1583127919,-22.14,6.87,77.48,-69.36,51
Hambantota,20,LK,1583127920,86,5.82,6.12,81.12,70
Bluff,34,NZ,1583127920,71.98,5.08,-46.6,168.33,49
Ilulissat,94,GL,1583127920,-14.8,8.05,69.22,-51.1,46
Nūrmahal,0,IN,1583127921,77.04,4.25,31.1,75.6,38
Hobart,75,AU,1583127873,60.8,18.34,-42.88,147.33,38
Avarua,51,CK,1583127921,80.6,1.12,-21.21,-159.78,94
Katsuura,75,JP,1583127921,46.99,17.22,35.13,140.3,87
Hermanus,2,ZA,1583127922,71.01,4,-34.42,19.23,88
Dikson,100,RU,1583127922,12.85,22.48,73.51,80.55,91
Straumen,75,NO,1583127922,30,17.22,63.87,11.3,63
Coyhaique,0,CL,1583127922,55.4,4.7,-45.58,-72.07,76
Pacific Grove,1,US,1583127923,50,5.82,36.62,-121.92,81
Xichang,0,CN,1583127923,86,10.25,27.9,102.26,5
Río Gallegos,75,AR,1583127885,59,8.05,-51.62,-69.22,72
Kahului,40,US,1583127923,69.8,10.29,20.89,-156.47,77
Atambua,100,ID,1583127923,83.86,5.48,-9.11,124.89,73
Opuwo,0,NA,1583127924,63.18,4.21,-18.06,13.84,49
New Norfolk,75,AU,1583127924,60.8,18.34,-42.78,147.06,38
Tiksi,68,RU,1583127924,1,15.12,71.69,128.87,83
Kapaa,40,US,1583127924,75.2,23.04,22.08,-159.32,73
Atuona,7,PF,1583127924,82.15,18.14,-9.8,-139.03,77
Ponta do Sol,20,PT,1583127925,62.6,8.05,32.67,-17.1,77
Kavaratti,54,IN,1583127925,82.36,2.13,10.57,72.64,69
Ushuaia,4,AR,1583127925,50,6.93,-54.8,-68.3,61
Esperance,90,AU,1583127925,68,13.87,-33.87,121.9,60
Geraldton,100,AU,1583127926,95,24.16,-28.77,114.6,32
Lebu,35,CL,1583127926,51.73,1.3,-37.62,-73.65,99
Vaini,20,TO,1583127926,82.4,9.17,-21.2,-175.2,78
Boffa,0,GN,1583127926,71.82,4.32,10.17,-14.03,90
Upernavik,5,GL,1583127927,-28.91,3.11,72.79,-56.15,87
Malinovskiy,0,RU,1583127927,22.23,10.51,61.2,62.84,88
Rikitea,100,PF,1583127927,80.55,13.87,-23.12,-134.97,81
Albany,90,US,1583127805,30.99,6.93,42.6,-73.97,54
Genç,20,TR,1583127928,37.4,4.7,38.75,40.56,64
Busselton,86,AU,1583127928,82,11.88,-33.65,115.33,20
Nuuk,0,GL,1583127731,1.4,21.92,64.18,-51.72,64
Grand Baie,90,MU,1583127978,79,2.24,-20.02,57.58,94
Nome,1,US,1583127908,1.4,6.93,64.5,-165.41,54
São Filipe,88,CV,1583127978,71.94,22.37,14.9,-24.5,62
Xalpatlahuac,0,MX,1583127978,61.39,4.85,17.47,-98.62,84
Mataura,33,NZ,1583127979,69.35,1.36,-46.19,168.86,69
Mar del Plata,0,AR,1583127921,72,11.41,-38,-57.56,88
Pevek,100,RU,1583127979,-1.62,8.84,69.7,170.31,97
Dingle,64,PH,1583127979,84.09,13.47,11,122.67,61
Port Alfred,78,ZA,1583127980,66.99,3.83,-33.59,26.89,92
Torbay,90,CA,1583127980,30,23.04,47.67,-52.73,92
Punta Arenas,20,CL,1583127697,50,8.05,-53.15,-70.92,66
Cherskiy,99,RU,1583127980,-1.98,8.34,68.75,161.3,92
Arraial do Cabo,100,BR,1583127742,72.32,3.76,-22.97,-42.03,85
Port Lincoln,40,AU,1583127981,63.57,18.84,-34.73,135.87,57
Genhe,100,CN,1583127981,19.35,2.01,50.78,121.52,79
Namatanai,7,PG,1583127981,85.6,5.32,-3.67,152.43,70
Naze,75,JP,1583127981,69.8,18.34,28.37,129.48,72
Vila Velha,75,BR,1583127981,73.4,3.36,-20.33,-40.29,100
Iqaluit,5,CA,1583127982,-29,2.06,63.75,-68.51,73
Saint Paul Harbor,1,US,1583127982,35.6,13.87,57.79,-152.41,59
Uturoa,100,PF,1583127982,82.94,21.27,-16.73,-151.43,77
Walvis Bay,1,NA,1583127982,66.2,2.24,-22.96,14.51,93
Airai,97,TL,1583127982,74.75,3.53,-8.93,125.41,88
Barrow,1,US,1583127983,-29.2,8.05,71.29,-156.79,99
Fairbanks,90,US,1583127826,7,5.3,64.84,-147.72,77
Khatanga,100,RU,1583127983,20.82,13.89,71.97,102.5,83
Husavik,75,IS,1583127983,32,16.11,66.04,-17.34,75
Port Elizabeth,95,ZA,1583127854,66.2,11.41,-33.92,25.57,88
Halifax,90,CA,1583127931,28,9.17,44.65,-63.57,100
Devils Lake,1,US,1583127984,17.6,10.29,48.11,-98.87,100
Klaksvík,100,FO,1583127985,35.6,21.92,62.23,-6.59,64
Mahébourg,90,MU,1583127985,79,2.24,-20.41,57.7,94
Bredasdorp,35,ZA,1583127985,71.01,8.48,-34.53,20.04,88
Ketchikan,90,US,1583127985,42.8,13.87,55.34,-131.65,60
Hamilton,90,US,1583127928,59,19.46,39.18,-84.53,38
Yellowknife,90,CA,1583127971,-4,13.87,62.46,-114.35,76
Mpika,99,ZM,1583127986,62.01,6.67,-11.83,31.45,96
Gigmoto,51,PH,1583127986,79.77,11.61,13.78,124.39,74
Durusu,76,TR,1583127986,46.99,13.87,41.31,28.68,87
Carnarvon,0,AU,1583127987,91.4,12.75,-24.87,113.63,55
Vao,100,NC,1583127987,79.25,12.12,-22.67,167.48,75
Tomé,90,CL,1583127987,57.2,3.36,-36.62,-72.95,93
Iracoubo,85,GF,1583127987,79.21,13.13,5.48,-53.2,78
Bethel,90,US,1583127988,33.01,3.98,41.37,-73.41,68
Roald,40,NO,1583128038,33.8,14.99,62.58,6.13,80
Castro,69,BR,1583128038,57.63,9.37,-24.79,-50.01,92
Muroto-misakicho,40,JP,1583128038,66.2,13.87,33.28,134.15,45
Butaritari,100,KI,1583128038,83.55,21.07,3.07,172.79,77
Ostrovnoy,100,RU,1583128038,17.91,7.43,68.05,39.51,85
San Patricio,17,MX,1583128039,75.47,9.08,19.22,-104.7,73
Chute-aux-Outardes,1,CA,1583127855,14,2.24,49.12,-68.4,91
Jumla,6,NP,1583128039,46.99,4.76,29.27,82.18,91
Vágur,100,FO,1583128039,37.69,41.03,61.47,-6.81,79
Chui,4,UY,1583128039,67.39,9.13,-33.7,-53.46,89
Bambanglipuro,7,ID,1583128040,87.62,6.71,-7.95,110.28,65
Honiara,20,SB,1583128040,89.6,8.05,-9.43,159.95,70
Bethanien,2,NA,1583128041,69.13,4.47,-26.5,17.16,70
San Miguel,50,SV,1583128041,80.6,3.36,13.48,-88.18,78
Sovetskiy,0,RU,1583128042,22.3,10.8,61.36,63.58,83
Batagay-Alyta,0,RU,1583128042,2.8,5.26,67.8,130.41,68
Puerto Ayora,0,EC,1583128042,81,8.99,-0.74,-90.35,100
Krasnoarmeyskiy,0,RU,1583128042,39.25,13.78,47.01,42.21,64
Portland,90,US,1583127501,44.6,5.82,45.52,-122.68,70
Talnakh,75,RU,1583128043,23,26.84,69.49,88.4,92
Ribeira Grande,82,PT,1583128043,60.48,16.37,38.52,-28.7,90
Hithadhoo,66,MV,1583128043,83.44,8.14,-0.6,73.08,74
Mersing,40,MY,1583128043,87.8,9.17,2.43,103.84,70
Bengkulu,0,ID,1583128031,91.92,5.03,-3.8,102.27,48
Lavumisa,89,SZ,1583128044,68,1.12,-27.31,31.89,82
Nuevo Progreso,43,MX,1583128044,69.01,2.86,23.17,-97.95,92
Vardø,75,NO,1583128044,21.2,9.17,70.37,31.11,92
Polis,75,CY,1583128044,50,5.82,35.04,32.43,87
Fort Abbas,0,PK,1583128045,75.11,1.92,29.19,72.85,39
San Cristobal,40,VE,1583128045,80.6,4.7,7.77,-72.22,69
Olinda,40,BR,1583128045,80.6,3.36,-8.01,-34.86,78
Hong Kong,40,HK,1583127860,73.4,19.46,22.29,114.16,77
Druzhba,86,UA,1583128046,35.51,17.36,52.04,33.95,80
Jamestown,75,US,1583127851,44.6,16.11,42.1,-79.24,44
Zaysan,0,KZ,1583128046,23.72,2.17,47.47,84.87,86
Havelock,1,US,1583128047,41,4.12,34.88,-76.9,80
Smithers,1,CA,1583127900,44.6,6.93,54.78,-127.17,42
Umeå,90,SE,1583128047,17.6,10.29,63.83,20.26,85
Sambava,92,MG,1583128048,85.6,1.16,-14.27,50.17,60
Clarence Town,26,AU,1583128048,100,14.99,-32.58,151.78,17
Noril'sk,75,RU,1583128048,23,26.84,69.35,88.2,92
Dutlwe,100,BW,1583128048,66.61,5.32,-23.98,23.9,75
Cape Town,75,ZA,1583128048,64,5.82,-33.93,18.42,100
Bitung,75,ID,1583128049,77,3.36,1.45,125.18,100
Soyo,75,AO,1583128049,78.8,3.42,-6.13,12.37,83
Yamoussoukro,20,CI,1583128049,78.8,6.93,6.82,-5.28,88
Mbanza-Ngungu,98,CD,1583128098,70.45,0.76,-5.25,14.87,97
Makkah al Mukarramah,0,SA,1583127963,78.1,7.45,21.43,39.83,17
Kiunga,84,PG,1583128098,91.22,2.35,-6.12,141.29,58
Clyde River,1,CA,1583128099,-31,4.7,70.47,-68.59,73
Kolda,0,SN,1583128099,70.48,2.77,12.88,-14.95,19
Hilo,1,US,1583128099,69.01,14.94,19.73,-155.09,82
Saint-Philippe,100,RE,1583128099,84.2,8.05,-21.36,55.77,79
Comodoro Rivadavia,0,AR,1583128099,62.6,3.36,-45.87,-67.5,67
Carahue,90,CL,1583128100,53.6,0.76,-38.7,-73.17,100
East London,41,ZA,1583127983,71.6,4.7,-33.02,27.91,83
Laguna,1,US,1583128100,55.99,11.41,38.42,-121.42,25
Praia,94,CV,1583128101,73.4,18.34,14.92,-23.51,56
Nelson,100,NZ,1583128101,70,1.99,-41.28,173.28,72
Mudgee,100,AU,1583127823,90,11.41,-32.59,149.59,29
Bridlington,0,GB,1583128101,34,6.93,54.08,-0.19,82
Sur,0,OM,1583128101,77.86,7.74,22.57,59.53,40
Vavuniya,88,LK,1583128102,91.33,4.12,8.75,80.5,34
Iskateley,60,RU,1583128102,19,13.31,67.68,53.15,93
Willowmore,65,ZA,1583128102,64.54,3.65,-33.29,23.49,58
Omboué,96,GA,1583128102,75.76,3.44,-1.57,9.26,97
Monte Santo,30,BR,1583128102,68.47,3.58,-10.44,-39.33,86
Narsaq,0,GL,1583128103,3.2,2.24,60.92,-46.05,54
Teterow,75,DE,1583128103,39.99,1.12,53.78,12.57,93
Aksu,89,CN,1583128103,50.52,1.95,41.12,80.26,25
Cidreira,9,BR,1583128103,72.99,21.34,-30.18,-50.21,78
Conde,75,BR,1583128104,77,6.93,-7.26,-34.91,100
Ginda,0,IN,1583128104,62.85,5.12,30.69,78.49,37
Westport,1,US,1583127922,37,5.82,41.14,-73.36,58
Sobolevo,100,RU,1583128104,36.23,12.12,54.43,31.9,95
Atar,26,MR,1583128104,65.01,9.4,20.52,-13.05,17
Bardsīr,20,IR,1583128105,60.8,6.93,29.92,56.57,26
Mitsamiouli,20,KM,1583128105,82.4,3.36,-11.38,43.28,83
Lucapa,98,AO,1583128105,68.43,2.3,-8.42,20.74,90
Kandrian,97,PG,1583128105,80.71,2.73,-6.22,149.55,90
Dicabisagan,8,PH,1583128106,79.47,7.09,17.08,122.42,65
College,90,US,1583128106,8.01,5.1,64.86,-147.8,77
Tyul'gan,59,RU,1583128106,21.6,2.51,52.34,56.17,90
Kavieng,51,PG,1583128106,85.96,1.39,-2.57,150.8,64
Finnsnes,75,NO,1583128106,24.8,12.75,69.23,17.98,84
Qaqortoq,0,GL,1583128107,3.2,2.24,60.72,-46.03,54
Lompoc,90,US,1583127918,48.2,8.86,34.64,-120.46,93
Anadyr,0,RU,1583128107,1.4,15.66,64.75,177.48,77
Vyshestebliyevskaya,75,RU,1583128107,44.01,4.47,45.2,37.02,93
Inhambane,40,MZ,1583128107,75.2,4.7,-23.86,35.38,69
Warkworth,100,NZ,1583128107,73.4,13.87,-36.4,174.67,64
Tasiilaq,100,GL,1583128158,23,4.7,65.61,-37.64,85
Nikolskoye,75,RU,1583128158,37.99,11.18,59.7,30.79,91
Sulangan,24,PH,1583128158,79.63,8.81,11.14,123.72,74
Havøysund,75,NO,1583128158,24.8,14.99,71,24.66,92
Bumba,100,CD,1583128159,71.67,2.46,2.18,22.47,93
Kérouané,71,GN,1583128159,64.87,2.17,9.27,-9.02,35
Tuktoyaktuk,75,CA,1583128159,-22,9.17,69.45,-133.04,74
Cabo San Lucas,5,MX,1583128159,69.01,6.93,22.89,-109.91,52
Provideniya,0,RU,1583128159,5,11.18,64.38,-173.3,65
Murray Bridge,10,AU,1583128160,75.99,4,-35.12,139.27,56
Am Timan,0,TD,1583128160,78.21,9.64,11.03,20.28,12
Lorengau,62,PG,1583128160,85.06,6.06,-2.02,147.27,71
Laas,48,IT,1583128160,32,1.12,46.62,10.7,92
Saskylakh,100,RU,1583128160,16.05,25.19,71.92,114.08,69
Taltal,13,CL,1583128161,59.99,2.73,-25.4,-70.48,89
Bataiporã,3,BR,1583128161,65.86,4.45,-22.3,-53.27,91
São Miguel do Iguaçu,0,BR,1583128161,73.4,13.87,-25.35,-54.24,68
Cassilândia,4,BR,1583128161,66.16,4.12,-19.11,-51.73,98
Quatre Cocos,90,MU,1583128162,79,2.24,-20.21,57.76,94
Itarema,100,BR,1583128162,75.83,1.45,-2.92,-39.92,92
Mindelo,40,CV,1583128162,69.8,26.4,16.89,-24.98,83
Nowy Dwór Mazowiecki,100,PL,1583128162,43,4.7,52.43,20.72,100
San José del Palmar,40,CO,1583128162,69.8,2.24,4.97,-76.23,100
Luwingu,98,ZM,1583128163,65.34,4.14,-10.26,29.93,95
George Town,20,MY,1583128163,91.4,5.82,5.41,100.34,66
Palauig,32,PH,1583128163,81.23,7.43,15.44,119.9,64
Bemidji,90,US,1583128032,28.4,18.34,47.47,-94.88,79
Sitka,90,US,1583128163,41,19.46,57.05,-135.33,80
Dāmghān,94,IR,1583128164,56.79,13.47,36.17,54.35,43
Shawville,100,CA,1583128164,25,10.13,45.6,-76.48,76
La Romana,75,DO,1583128164,73.4,6.93,18.43,-68.97,94
Inuvik,40,CA,1583127905,-23.8,3.36,68.35,-133.72,74
Alice Springs,75,AU,1583127970,82.4,5.82,-23.7,133.88,37
Goderich,98,CA,1583127936,41,5.99,43.75,-81.72,69
Cascas,100,PE,1583128165,66.54,2.33,-7.48,-78.82,85
Nabire,85,ID,1583128165,86.27,5.17,-3.37,135.48,71
Kilindoni,99,TZ,1583128165,82.29,13.02,-7.91,39.67,73
Lakes Entrance,66,AU,1583128165,66.99,1.99,-37.88,147.98,58
Kruisfontein,68,ZA,1583128166,68.32,6.64,-34,24.73,83
Nelson Bay,26,AU,1583128166,100,14.99,-32.72,152.15,17
Chokurdakh,84,RU,1583128166,1.04,13.82,70.63,147.92,87
Mount Isa,40,AU,1583128166,93.2,9.17,-20.73,139.5,38
Jalu,0,LY,1583128167,58.6,7.25,29.03,21.55,43
Bayjī,9,IQ,1583128167,53.22,0.96,34.93,43.49,58
Waipawa,100,NZ,1583128167,69.01,19.46,-41.41,175.52,82
Port Moresby,40,PG,1583128167,91.4,14.99,-9.44,147.18,66
Sabha,24,LY,1583128168,58.03,10.4,27.04,14.43,25
El Sauce,0,NI,1583128218,67.26,6.13,12.89,-86.54,82
Derzhavīnsk,100,KZ,1583128218,26.94,16.31,51.1,66.32,95
Grindavik,75,IS,1583128218,35.6,29.97,63.84,-22.43,64
Coquimbo,75,CL,1583128218,60.8,4.7,-29.95,-71.34,87
Nantucket,1,US,1583128218,30.2,4.7,41.28,-70.1,46
Bambous Virieux,90,MU,1583128219,79,2.24,-20.34,57.76,94
Codrington,0,AU,1583128219,56.62,12.53,-38.27,141.97,64
El Tarra,99,CO,1583128219,67.37,1.1,8.58,-73.09,97
Margate,75,GB,1583128219,45,4.7,51.38,1.39,100
Hay River,90,CA,1583128219,17.6,9.17,60.82,-115.8,85
Yar-Sale,89,RU,1583128220,11.5,15.26,66.83,70.83,92
Yunhe,79,CN,1583128220,50.49,6.22,34.08,119.72,41
Noceto,40,IT,1583128220,37.4,3.36,44.81,10.17,93
Port Hardy,90,CA,1583128220,37.4,13.87,50.7,-127.42,100
Windhoek,99,NA,1583128221,63,2.24,-22.56,17.08,93
Hofn,100,IS,1583128221,38.17,37.67,64.25,-15.21,66
Charters Towers,56,AU,1583128221,89.76,9.44,-20.1,146.27,37
La Unión,99,PE,1583128221,79.59,8.43,-5.4,-80.75,63
Farafangana,36,MG,1583128222,76.68,16.82,-22.82,47.83,81
Ballymena,20,GB,1583128222,33.01,9.17,54.86,-6.28,90
Mbandaka,100,CD,1583128222,71.89,3.33,0.05,18.26,98
Cap Malheureux,90,MU,1583128222,79,2.24,-19.98,57.61,94
Porto Belo,75,BR,1583128222,70,4.7,-27.16,-48.55,100
Faanui,100,PF,1583128223,82.94,21.27,-16.48,-151.75,77
Kurumkan,5,RU,1583128223,11.08,3.49,54.3,110.3,84
Amazar,88,RU,1583128223,16.56,8.03,53.86,120.88,72
Fortuna,1,US,1583128223,46.4,4.18,40.6,-124.16,81
Yigou,100,CN,1583128224,56.75,19.93,35.81,114.32,34
Koshurnikovo,0,RU,1583128224,24.48,5.37,54.17,93.3,76
Pisco,90,PE,1583128224,73.4,10.29,-13.7,-76.22,83
Bentiu,59,SS,1583128224,82.94,8.79,9.23,29.83,9
Gore,33,NZ,1583128225,69.35,1.36,-46.1,168.94,69
Pitimbu,75,BR,1583128225,77,6.93,-7.47,-34.81,100
Laurel,1,US,1583128226,41,8.05,39.1,-76.85,68
Broome,90,US,1583128226,37,4.7,42.25,-75.83,47
Mae Hong Son,0,TH,1583128226,87.8,2.24,19.3,97.97,35
Werda,67,BW,1583128227,68.7,3.71,-25.27,23.28,69
Longyearbyen,75,SJ,1583128227,1.4,8.05,78.22,15.64,70
Bodden Town,7,KY,1583128228,78.01,14,19.28,-81.25,73
Mt. Pleasant,1,US,1583128228,48,4.7,32.79,-79.86,93
Talāja,0,IN,1583128229,87.55,6.76,21.35,72.05,23
Hasaki,75,JP,1583128229,45,17.22,35.73,140.83,100
Yulara,90,AU,1583128038,75.2,9.17,-25.24,130.99,73
Kysyl-Syr,51,RU,1583128230,2.5,3.47,63.9,122.76,91
Loandjili,40,CG,1583128230,77,3.36,-4.76,11.86,100
Neuquén,0,AR,1583128230,84.2,4.7,-38.95,-68.06,26
Ajdabiya,27,LY,1583128230,61.41,11.25,30.76,20.23,55
Harper,13,LR,1583128231,77.61,2.86,4.38,-7.72,94
Beringovskiy,0,RU,1583128231,-4.14,2.48,63.05,179.32,86
Jijiga,68,ET,1583128278,72.59,13.2,9.35,42.8,20
Mackay,68,AU,1583128278,87.8,14.99,-21.15,149.2,62
Grand Gaube,90,MU,1583128278,79,2.24,-20.01,57.66,94
Ţahţā,0,EG,1583128279,51.8,5.82,26.77,31.5,62
Pimentel,98,PE,1583128279,66.2,10.29,-6.84,-79.93,29
Meulaboh,97,ID,1583128279,84.72,1.95,4.14,96.13,71
Asău,90,RO,1583128279,37.99,16.11,46.43,26.4,100
Toppenish,90,US,1583128279,45,5.82,46.38,-120.31,49
Colares,75,PT,1583128280,60.8,16.11,38.8,-9.45,93
Norman Wells,75,CA,1583128280,-5.8,24.16,65.28,-126.83,76
Lüderitz,49,NA,1583128280,62.96,6.13,-26.65,15.16,94
Carutapera,95,BR,1583128280,81.48,9.98,-1.2,-46.02,78
Richards Bay,100,ZA,1583128280,73.22,21.56,-28.78,32.04,73
Semey,89,KZ,1583128281,32,26.84,50.41,80.23,76
Kaitangata,37,NZ,1583128281,62.01,5.01,-46.28,169.85,84
Pangkalanbuun,100,ID,1583128281,91.44,1.68,-2.68,111.62,55
Vestmannaeyjar,100,IS,1583128281,38.26,46.93,63.44,-20.27,73
Tlaxco,54,MX,1583128281,56.97,2.13,19.62,-98.12,46
Neryungri,100,RU,1583128282,4.68,8.08,56.67,124.65,84
Salair,100,RU,1583128282,33.37,5.7,54.23,85.8,94
Acajutla,0,SV,1583128282,80.91,11.63,13.59,-89.83,70
Nanortalik,0,GL,1583128282,16.77,44.27,60.14,-45.24,60
Colac,0,AU,1583128283,63,5.01,-38.33,143.58,75
Redmond,90,US,1583128004,43,1.92,47.67,-122.12,100
San Policarpo,1,PH,1583128283,81.07,9.57,12.18,125.51,68
Chabahar,0,IR,1583128283,75.18,1.95,25.29,60.64,36
Miles City,1,US,1583128283,23,6.93,46.41,-105.84,85
Emba,0,KZ,1583128284,22.37,9.4,48.83,58.14,84
San Quintín,100,MX,1583128284,56.52,5.99,30.48,-115.95,68
Arman',0,RU,1583128284,15.03,5.59,59.7,150.17,77
Port Macquarie,1,AU,1583128284,97,5.82,-31.43,152.92,22
Graham,75,US,1583128284,44.01,6.49,47.05,-122.29,86
Nieves,75,PH,1583128285,91.4,2.24,15.33,120.95,46
Shubarshi,0,KZ,1583128285,24.26,10.51,48.59,57.19,78
Hueyapan,9,MX,1583128285,56.21,2.93,18.87,-98.67,52
Aljezur,100,PT,1583128285,63,5.01,37.32,-8.8,94
Severo-Kuril'sk,98,RU,1583128286,26.74,1.74,50.68,156.12,93
Ucluelet,100,CA,1583128190,39.99,3.24,48.93,-125.55,90
Kondoa,100,TZ,1583128286,65.39,5.79,-4.9,35.78,94
Bereda,40,ES,1583128286,53.01,13.87,43.27,-7.54,87
Dekernes,0,EG,1583128077,57.2,3.36,31.09,31.59,82
Médéa,40,DZ,1583128287,60.8,6.93,36.26,2.75,59
Hobyo,12,SO,1583128287,82.26,15.77,5.35,48.53,57
Thompson,90,CA,1583128288,8.6,3.36,55.74,-97.86,78
Ubinskoye,100,RU,1583128338,29.03,8.9,55.31,79.68,90
Isangel,75,VU,1583128338,87.8,8.57,-19.55,169.27,74
Tuatapere,63,NZ,1583128338,68.54,5.46,-46.13,167.68,49
Qasigiannguit,94,GL,1583128338,-14.8,8.05,68.82,-51.19,46
Wajima,75,JP,1583128338,50,20.8,37.4,136.9,81
Tawao,40,MY,1583128339,89.6,5.82,4.25,117.89,66
Tocopilla,0,CL,1583128339,59.25,3.44,-22.09,-70.2,60
Kamensk-Ural'skiy,0,RU,1583128339,23.16,10.36,56.42,61.93,84
El Sauzal de Rodríguez,91,MX,1583128340,52,1.99,31.9,-116.68,88
Khuzhir,10,RU,1583128340,15.8,4.56,53.19,107.34,75
Xining,75,CN,1583128270,36.97,2.46,36.62,101.77,45
Bathsheba,40,BB,1583128340,77,13.87,13.22,-59.52,69
Jiaocheng,60,CN,1583128340,73.02,1.99,24.68,116.14,56
Palembang,8,ID,1583128341,92.88,6.44,-2.92,104.75,50
Nouadhibou,44,MR,1583128341,64.4,20.8,20.93,-17.03,72
Hualmay,100,PE,1583128341,71.49,4.25,-11.1,-77.61,78
Tūkrah,38,LY,1583128341,56.44,7.7,32.53,20.58,56
Jining,98,CN,1583128342,54.23,10.13,35.41,116.58,29
Tupik,71,RU,1583128342,14.27,2.8,54.43,119.93,83
Salalah,75,OM,1583128342,77,5.82,17.02,54.09,57
Acapulco de Juárez,5,MX,1583128090,80.6,2.24,16.86,-99.89,74
Ceres,1,US,1583128342,51.8,10.29,37.59,-120.96,39
Yeniseysk,89,RU,1583128343,17.28,11.68,58.45,92.17,86
Port Shepstone,17,ZA,1583128343,69.46,4.03,-30.74,30.45,77
Saint George,75,US,1583128273,46,3.36,37.1,-113.58,63
Rockhampton,40,AU,1583128343,89.6,9.17,-23.38,150.5,52
Bontang,87,ID,1583128344,85.6,9.04,0.13,117.5,65
Aklavik,40,CA,1583128344,-23.8,3.36,68.22,-135.01,74
Okitipupa,50,NG,1583128344,76.89,1.97,6.5,4.78,97
Ouallam,90,NE,1583128344,73.36,8.41,14.32,2.09,13
Simao,0,CN,1583128345,76.44,8.01,22.79,100.97,28
Faya,0,SA,1583128345,60.8,7.74,18.39,42.45,54
Kulhudhuffushi,17,MV,1583128345,82.67,10,6.62,73.07,71
Mayumba,77,GA,1583128345,82.24,12.06,-3.43,10.66,81
Hirara,75,JP,1583128247,71.6,16.11,24.8,125.28,68
Grand-Santi,44,GF,1583128346,69.87,2.24,4.25,-54.38,95
Oddur,0,SO,1583128346,80.51,16.6,4.12,43.89,37
Cheremushskiy,100,RU,1583128346,32.49,10.16,61.27,47.26,97
Teya,100,RU,1583128346,20.3,8.68,60.38,92.63,76
Ürümqi,75,CN,1583128347,37.99,4.47,43.8,87.6,80
Salaspils,20,LV,1583128347,37.99,5.82,56.86,24.37,93
Escanaba,1,US,1583128347,37.4,13.87,45.75,-87.06,91
Banepā,20,NP,1583128348,66.2,3.36,27.63,85.52,48
Mtinko,100,TZ,1583128348,63.77,3.96,-4.55,34.85,93
Saint Anthony,90,US,1583128348,37.4,8.05,45.02,-93.22,69
Alofi,5,NU,1583128398,82.4,9.17,-19.06,-169.92,78
Barra do Garças,50,BR,1583128398,69.19,0.87,-15.89,-52.26,96
Igarka,100,RU,1583128398,30.85,14.05,67.47,86.58,97
San Onofre,0,CO,1583128398,76.12,0.89,9.74,-75.53,77
Ebes,90,HU,1583128398,46.4,11.41,47.47,21.5,100
Yumen,0,CN,1583128399,47.23,13.4,40.28,97.2,19
Shetpe,100,KZ,1583128399,37.83,21.05,44.17,52.12,68
Al Bardīyah,36,LY,1583128399,56.93,4.83,31.76,25.09,63
Pochutla,20,MX,1583128399,80.6,6.93,15.74,-96.47,69
San Fernando,75,PH,1583128400,91.4,2.24,15.03,120.69,46
Kristiansund,75,NO,1583128400,30.2,9.17,63.11,7.73,86
Jinchang,0,CN,1583128400,38.44,13.49,38.5,102.17,23
Nishihara,90,JP,1583128400,71.01,5.82,26.18,127.76,88
Zarubino,100,RU,1583128400,30.34,3.18,42.63,131.09,76
Chapais,75,CA,1583128401,5,8.05,49.78,-74.85,84
Isla Vista,90,US,1583128401,52,4.38,34.41,-119.86,93
Brezno,90,SK,1583128401,39.2,5.82,48.8,19.64,100
Christchurch,99,NZ,1583128402,73.99,16.11,-43.53,172.63,77
Taree,15,AU,1583128402,97,5.82,-31.9,152.47,22
Isabela,20,PH,1583128402,87.8,9.17,6.71,121.97,70
Chibuto,85,MZ,1583128402,74.55,2.98,-24.69,33.53,67
Saint-Leu,77,RE,1583128402,84.2,8.05,-21.15,55.28,79
Virbhadra,0,IN,1583128403,72.43,1.05,30.07,78.28,38
Diapaga,78,BF,1583128403,72.27,1.01,12.07,1.79,17
Gejiu,0,CN,1583128403,69.75,11.05,23.31,103.16,39
Grants,1,US,1583128403,35.6,4.7,35.15,-107.85,51
Marsh Harbour,17,BS,1583128404,66.54,14.94,26.54,-77.06,60
Abhā,0,SA,1583128404,60.8,4.36,18.22,42.51,54
Rudnogorsk,76,RU,1583128404,16.86,2.59,57.26,103.75,84
Uruguaiana,0,BR,1583128404,71.6,9.17,-29.75,-57.09,64
Sandwick,54,GB,1583128405,41,10.29,60,-1.25,86
Daru,99,PG,1583128405,85.57,4.56,-9.08,143.21,79
Huilong,0,CN,1583128405,55.99,13.29,31.81,121.66,54
Srednekolymsk,27,RU,1583128405,1.11,8.48,67.45,153.68,88
Kuytun,47,RU,1583128405,13.66,3.94,54.34,101.5,87
Finschhafen,100,PG,1583128406,82.36,14.52,-6.6,147.87,83
Batagay,0,RU,1583128406,1.18,0.63,67.63,134.63,88
Bitkine,0,TD,1583128406,78.19,4.88,11.98,18.21,17
Alta Floresta,100,BR,1583128406,72.55,3.11,-9.88,-56.09,96
Pembroke,90,CA,1583128407,27,9.17,45.82,-77.12,85
Korla,0,CN,1583128407,51.01,3,41.76,86.15,88
Nurota,15,UZ,1583128407,62.6,9.17,40.56,65.69,51
Avera,1,US,1583128407,51.01,3.36,33.19,-82.53,75
Kieta,45,PG,1583128408,85.68,4.52,-6.22,155.63,64
Edgewater,1,US,1583128408,55.99,3.74,28.99,-80.9,81
Mareeba,97,AU,1583128458,89.6,10.29,-17,145.43,59
Mount Gambier,90,AU,1583128458,62.6,16.11,-37.83,140.77,48
Neepawa,40,CA,1583128458,14,18.34,50.23,-99.47,78
Deputatsky,0,RU,1583128458,-4.99,5.88,69.3,139.9,85
Vanimo,91,PG,1583128459,84.13,12.48,-2.67,141.3,74
Rawson,0,AR,1583128459,67.64,2.89,-43.3,-65.1,71
Cascais,75,PT,1583128459,60.8,16.11,38.7,-9.42,93
Tutóia,100,BR,1583128459,74.7,3.6,-2.76,-42.27,95
Burnie,0,AU,1583128460,63,11.99,-41.07,145.92,42
Spokane,75,US,1583128201,39.2,9.17,47.62,-117.37,44
Samarai,99,PG,1583128460,81.52,3.27,-10.62,150.67,87
Tabora,75,TZ,1583128460,69.8,4.34,-5.02,32.8,94
Northam,100,GB,1583128461,41,5.99,51.03,-4.22,91
Sørland,40,NO,1583128461,23,10.29,67.67,12.69,79
Imeni Poliny Osipenko,22,RU,1583128461,19.13,3.51,52.42,136.49,80
Lavrentiya,0,RU,1583128461,-10.61,5.55,65.58,-171,80
Labuhan,31,ID,1583128461,86.32,11.18,-6.88,112.21,75
Ancud,0,CL,1583128462,50,3.36,-41.87,-73.82,87
Cutro,20,IT,1583128462,57.2,5.82,39.04,16.98,100
Oriximiná,67,BR,1583128462,76.44,0.67,-1.77,-55.87,89
Leningradskiy,100,RU,1583128462,3.13,13.96,69.38,178.42,82
Agadez,33,NE,1583128462,62.83,3.96,19.75,10.25,18
Broken Hill,100,AU,1583128463,75.2,17.22,-31.95,141.43,50
Raja,7,SS,1583128463,71.69,7.52,8.46,25.68,16
Natá,8,PA,1583128463,72.36,13.06,8.33,-80.52,78
Port Maria,75,JM,1583128463,78.8,3.36,18.37,-76.89,69
Damietta,51,EG,1583128464,57.2,3.36,31.42,31.81,82
Gunjur,10,GM,1583128464,69.8,5.82,13.2,-16.73,52
Poum,87,NC,1583128464,81.84,20.09,-20.23,164.02,82
Monrovia,18,LR,1583128338,77.58,6.58,6.3,-10.8,91
Pompéia,42,BR,1583128465,65.86,10.65,-22.11,-50.17,79
Matara,100,LK,1583128465,88.27,3.47,5.95,80.54,55
Koszalin,100,PL,1583128465,37.99,12.97,54.19,16.17,82
Karasuk,100,RU,1583128465,24.37,8.7,53.74,78.04,85
Juneau,90,US,1583128206,37.4,14.99,58.3,-134.42,86
Birao,11,CF,1583128465,73.24,17.45,10.28,22.79,13
Chimbote,100,PE,1583128466,74.75,3.49,-9.09,-78.58,72
Roebourne,2,AU,1583128466,102.38,14.03,-20.78,117.13,32
Bilma,18,NE,1583128466,68.81,9.75,18.69,12.92,16
Kungurtug,0,RU,1583128466,12.99,3,50.6,97.52,76
Dogondoutchi,40,NE,1583128467,74.93,10.69,13.64,4.03,12
Kargil,33,IN,1583128467,7.81,3.62,34.57,76.1,75
Haines Junction,95,CA,1583128467,14.13,8.7,60.75,-137.51,97
Souillac,90,MU,1583128467,79,2.24,-20.52,57.52,94
Duluth,90,US,1583128467,34,26.4,46.78,-92.11,69
Pļaviņas,95,LV,1583128468,38.21,5.3,56.62,25.73,96
Santa Maria,0,BR,1583128468,60.19,4.34,-29.68,-53.81,82
Sangmélima,97,CM,1583128518,69.66,2.55,2.93,11.98,96
Carballo,40,ES,1583128518,52,13.87,43.21,-8.69,87
Necochea,19,AR,1583128518,70,7,-38.55,-58.74,66
Ellisras,98,ZA,1583128518,64.67,9.13,-23.66,27.74,74
Ballina,0,AU,1583128518,95,11.41,-28.87,153.57,66
Coxim,0,BR,1583128519,70.47,5.35,-18.51,-54.76,90
Dolovo,40,RS,1583128519,53.6,28.86,44.9,20.88,61
Māngrol,0,IN,1583128519,77.11,3.89,21.12,70.12,51
Thinadhoo,30,MV,1583128519,82.89,9.26,0.53,72.93,77
Makat,0,KZ,1583128519,37.06,12.03,47.65,53.35,55
Skalat,100,UA,1583128520,42.01,10,49.43,25.98,72
Plettenberg Bay,82,ZA,1583128520,67.71,4.5,-34.05,23.37,83
Harrisburg,1,US,1583128461,36,5.82,40.27,-76.88,63
Dunda,100,TZ,1583128521,66.74,3.91,-8.12,34.25,96
Ust'-Koksa,99,RU,1583128521,33.35,6.15,50.27,85.61,85
Ténenkou,0,ML,1583128521,68.47,11.21,14.46,-4.92,8
Whitehorse,75,CA,1583128521,33.8,6.93,60.72,-135.05,43
Barranca,100,PE,1583128521,73.22,11.45,-10.75,-77.77,90
Sumenep,60,ID,1583128522,84.96,9.78,-7.02,113.87,76
Zorgo,31,BF,1583128522,73.65,8.34,12.25,-0.62,11
Ilebo,100,CD,1583128522,71.15,0.65,-4.32,20.58,98
Vaitape,100,PF,1583128522,82.94,21.27,-16.52,-151.75,77
West Richland,90,US,1583128522,45,11.41,46.3,-119.36,56
Shenjiamen,86,CN,1583128523,49.41,18.95,29.96,122.3,76
Abu Kamal,0,SY,1583128523,54.54,16.17,34.45,40.92,65
Svay Rieng,4,KH,1583128523,97.09,7.34,11.09,105.8,31
Yakeshi,97,CN,1583128523,9.07,3.09,49.28,120.73,87
Port Hedland,23,AU,1583128524,93.2,11.41,-20.32,118.57,59
Rocha,0,UY,1583128524,62.42,10.2,-34.48,-54.33,97
Catherinas Lust,41,GY,1583128524,77.95,13,6.4,-57.6,78
Morondava,0,MG,1583128524,83.05,3.67,-20.28,44.28,71
Urcos,75,PE,1583128525,53.6,5.82,-13.69,-71.62,66
Biltine,0,TD,1583128525,75.81,17.72,14.53,20.92,12
Palmer,75,US,1583128525,27,2.24,42.16,-72.33,73
North Bend,40,US,1583128525,43,2.01,43.41,-124.22,86
Mahon,75,ES,1583128526,59,18.34,39.89,4.27,87
Khandyga,0,RU,1583128526,7.23,2.48,62.67,135.6,84
Virginia Beach,1,US,1583128234,43,3.36,36.85,-75.98,75
Pokaran,0,IN,1583128526,78.21,6.17,26.92,71.92,30
Ulladulla,75,AU,1583128526,70,13.87,-35.35,150.47,73
San Carlos,64,VE,1583128527,73.06,3.47,9.66,-68.58,68
Concepción,90,CL,1583128386,57.2,3.36,-36.83,-73.05,93
Ponta Delgada,75,PT,1583128527,62.6,14.99,37.73,-25.67,93
Balabac,58,PH,1583128527,84.02,12.28,7.99,117.06,69
Bahía Blanca,0,AR,1583128524,81.01,18.99,-38.72,-62.27,23
Terra Santa,95,BR,1583128527,75.2,1.28,-2.1,-56.49,93
Hīt,1,IQ,1583128528,55.62,15.77,33.64,42.83,58
Pahrump,90,US,1583128578,48,3.58,36.21,-115.98,75
Maraã,80,BR,1583128578,73.76,2.55,-1.83,-65.37,98
Konëvo,100,RU,1583128578,33.93,13.27,62.12,39.32,92
Saldanha,26,ZA,1583128578,64.4,9.17,-33.01,17.94,88
Lata,75,PT,1583128579,57.2,9.17,40.16,-8.33,82
Det Udom,20,TH,1583128579,93.2,4.7,14.91,105.08,46
Castilho,8,BR,1583128579,65.28,7.47,-20.87,-51.49,94
Requena,20,ES,1583128580,64.99,39.15,39.49,-1.1,52
Florin,1,US,1583128580,55.4,17.22,38.5,-121.41,32
Oyama,90,JP,1583128580,48,12.75,36.3,139.8,87
Cortez,90,US,1583128580,44.6,6.93,37.35,-108.59,42
Bluefields,28,NI,1583128581,71.4,2.59,12.01,-83.76,99
Khovd,0,MN,1583128581,25.39,4.7,48.01,91.64,44
Flinders,75,AU,1583128581,78.01,13.87,-34.58,150.86,73
Deer Lake,90,CA,1583128581,19.4,4.7,49.17,-57.43,85
Mukhen,100,RU,1583128582,24.35,4.25,48.1,136.1,90
Karratha,4,AU,1583128582,84.36,9.62,-20.74,116.85,81
Mogadishu,20,SO,1583128582,80.6,12.75,2.04,45.34,61
Ballater,18,GB,1583128582,35.01,8.05,57.05,-3.04,80
Gamba,87,GA,1583128582,77.59,5.39,-2.65,10,93
Grajaú,84,BR,1583128583,71.89,2.75,-5.82,-46.14,95
Pangnirtung,4,CA,1583128583,-25.35,0.43,66.15,-65.71,69
Mendoza,19,AR,1583128583,75.2,3.36,-32.89,-68.83,38
Takapau,100,NZ,1583128583,72,5.99,-40.03,176.35,61
Le Port,90,RE,1583128583,84.2,9.17,-20.94,55.29,94
Linxia Chengguanzhen,97,CN,1583128584,37.87,7.9,35.6,103.21,34
Aykhal,0,RU,1583128584,8.6,6.71,66,111.5,71
Przhevalskoye,99,RU,1583128584,37,9.51,55.51,31.85,94
Sibut,93,CF,1583128584,74.35,3.02,5.72,19.07,75
Urucará,91,BR,1583128585,74.91,0.27,-2.54,-57.76,95
Trairi,100,BR,1583128585,73.78,0.63,-3.28,-39.27,95
Ekenäs,100,FI,1583128585,37,10.56,59.97,23.43,99
Fonte Boa,81,BR,1583128585,71.74,1.79,-2.5,-66.27,96
Laizhou,96,CN,1583128585,44.22,3.4,37.18,119.93,35
Half Moon Bay,1,US,1583128586,59,12.75,37.46,-122.43,20
Vila Franca do Campo,75,PT,1583128586,62.6,14.99,37.72,-25.43,93
Camacha,40,PT,1583128586,62.6,11.41,33.08,-16.33,88
Evansville,90,US,1583128544,54,14.99,37.97,-87.56,81
San Francisco,1,US,1583128581,57.99,19.46,37.77,-122.42,35
Wonthaggi,3,AU,1583128587,64,4,-38.6,145.59,65
Kamakwie,0,SL,1583128587,67.5,1.1,9.5,-12.23,93
Byron Bay,1,AU,1583128587,95,12.75,-28.65,153.62,70
Matane,5,CA,1583128588,14,8.05,48.83,-67.52,78
Quartucciu,20,IT,1583128588,55.4,4.7,39.25,9.18,93
Youkounkoun,5,GN,1583128638,66.9,3.42,12.53,-13.13,34
Kanniyākumāri,7,IN,1583128638,81.68,14.07,8.08,77.57,72
Gweta,100,BW,1583128638,64.56,8.9,-20.18,25.23,87
Borsbeek,90,BE,1583128638,43,4.7,51.2,4.49,93
Turukhansk,100,RU,1583128638,28.18,23.15,65.82,87.98,95
Maltahöhe,83,NA,1583128639,63.1,7.4,-24.83,16.98,79
Magaria,24,NE,1583128639,73.29,8.14,13,8.91,14
Bhadrapur,13,NP,1583128540,84.07,8.16,26.54,88.09,32
Guider,40,CM,1583128639,77.58,6.91,9.93,13.95,19
Inírida,27,CO,1583128639,73.6,1.9,3.87,-67.92,94
Bayan,96,CN,1583128640,37,6.67,46.08,127.4,43
Tokuyama,40,JP,1583128640,60.8,14.99,34.05,131.82,38
Bonthe,37,SL,1583128640,75.04,3.67,7.53,-12.51,93
Homer,90,US,1583128478,35.6,13.87,59.64,-151.55,80
Makakilo City,75,US,1583128641,73.4,13.87,21.35,-158.09,82
Požega,56,HR,1583128641,50,5.82,45.34,17.69,71
São João da Barra,100,BR,1583128465,69.26,7.31,-21.64,-41.05,94
